{
  "Baseline (current)": {
    "n": 172260,
    "g_rate": 10.628120283292697,
    "mover_rate": 38.44247068385,
    "rho_ER": -0.13042390720070576,
    "rho_RG": 0.18014609564128195,
    "rho_EG": -0.04082205191050865,
    "mover_g": 17.082194470032164,
    "stayer_g": 6.59757259121644,
    "mover_advantage": 2.589163549753774
  },
  "M&A = Failure (G=0)": {
    "n": 172260,
    "g_rate": 10.628120283292697,
    "mover_rate": 38.44247068385,
    "rho_ER": -0.13042390720070576,
    "rho_RG": 0.18014609564128195,
    "rho_EG": -0.04082205191050865,
    "mover_g": 17.082194470032164,
    "stayer_g": 6.59757259121644,
    "mover_advantage": 2.589163549753774
  },
  "M&A = Success (G=1)": {
    "n": 172260,
    "g_rate": 29.564031115755252,
    "mover_rate": 38.44247068385,
    "rho_ER": -0.13042390720070576,
    "rho_RG": 0.015902201991207537,
    "rho_EG": 0.14571465447651222,
    "mover_g": 30.268343878829977,
    "stayer_g": 29.124190156451874,
    "mover_advantage": 1.0392853403384554
  },
  "M&A = Censored (excluded)": {
    "n": 139641,
    "g_rate": 13.110762598377267,
    "mover_rate": 41.1691408683696,
    "rho_ER": -0.09765579649716108,
    "rho_RG": 0.17665741789954995,
    "rho_EG": -0.002003133322018511,
    "mover_g": 19.67680773713232,
    "stayer_g": 8.515921706105756,
    "mover_advantage": 2.31059049345468
  }
}