Industry,N_total,N_with_E,rho_E_G,p_value,sig,growth_rate_withE,growth_rate_all,mean_E_musd,median_E_musd
Hardware,50390,15204,-0.10805966537004748,1.0042765483986376e-40,***,7.050776111549592,5.562611629291526,830.9955147903122,3.6768810949999997
Transportation,154148,46863,-0.10147867343765321,1.6867393538298364e-107,***,8.623007489917418,5.300749928640008,311.29238653375876,2.17877909
Pharma,56947,21183,-0.07887837932123198,1.357938588933856e-30,***,10.801114100929992,7.821307531564436,67.25287451017137,2.6
MedTech,29493,10521,-0.05257720510555897,6.812905085241985e-08,***,12.51782149985743,9.042823720882922,37.205732188640816,1.3612
Software,226896,89045,-0.00063835053206604,0.8489300725558386,,9.223426357459712,6.828238488117905,19.819218426856985,0.9249658
Quantum,1144,443,0.09466862424590675,0.04643816314797721,*,12.415349887133182,12.325174825174825,35.74173498970654,0.84535
