Industry,N,rho_E_G,p_value,sig,growth_rate,mean_E
MedTech,1861,0.006839607879927029,0.7680999410921712,,17.141321869962386,5.47177338900591e-06
Software,14682,0.003784238726866194,0.6465960132963188,,10.346001907097126,6.156651873426645e-06
Pharma,4149,-0.009160405760538202,0.5552702044265164,,13.400819474572186,1.545949178747168e-05
Transportation,5712,-0.013624835475883234,0.3032179342356112,,12.990196078431374,1.110129069640231e-05
Hardware,2283,-0.02957193306286186,0.15780155893417394,,10.162067455102934,1.2815066884380201e-05
