{
  "N": 180860,
  "survival_Q1": 12.334678202334462,
  "survival_Q2": 8.875556927963297,
  "survival_Q3": 15.97950921259192,
  "survival_Q4": 12.922556570651276,
  "delta_pp": 0.2010843162152618,
  "chi2": 841.2825459553876,
  "p_chi2": 4.816622362011059e-182,
  "rho_AV": -0.30132761724546997,
  "p_AV": 0.0,
  "rho_LA": 0.055600600768324494,
  "p_LA": 8.517923614291715e-124,
  "rho_AE": -0.008922554082964261,
  "p_AE": 0.00014788119055368312,
  "rho_GA": 0.044021055603965686,
  "p_GA": 1.2333470573948556e-68,
  "rho_GE": -0.2106978965620016,
  "p_GE": 0.0,
  "N_with_G": 158039.0,
  "survival_rate": 11.454716355191861
}